<?xml version="1.0" encoding="UTF-8"?>
<beans xmlns="http://www.springframework.org/schema/beans" xmlns:xsi="http://www.w3.org/2001/XMLSchema-instance" xmlns:context="http://www.springframework.org/schema/context" xmlns:p="http://www.springframework.org/schema/p" xmlns:tx="http://www.springframework.org/schema/tx" xmlns:mvc="http://www.springframework.org/schema/mvc" xsi:schemaLocation="http://www.springframework.org/schema/beans
http://www.springframework.org/schema/beans/spring-beans.xsd
http://www.springframework.org/schema/context
http://www.springframework.org/schema/context/spring-context.xsd
http://www.springframework.org/schema/tx
http://www.springframework.org/schema/tx/spring-tx.xsd
http://www.springframework.org/schema/mvc
http://www.springframework.org/schema/mvc/spring-mvc.xsd
">
	<context:component-scan base-package="springMvcSearch" />
	<mvc:annotation-driven />

	<mvc:resources location="/WEB-INF/resourses/" mapping="/resourses/**" />
	<bean class="org.springframework.web.servlet.view.InternalResourceViewResolver" name="viewResolver">
		<property name="prefix" value="/WEB-INF/views/" />
		<property name="suffix" value=".jsp" />
	</bean>
	<bean name="multipartResolver" class="org.springframework.web.multipart.commons.CommonsMultipartResolver" />
	<mvc:interceptors>
		<mvc:interceptor>
			<mvc:mapping path="/welcome" />
			<bean class="springMvcSearch.MyInterceptor" />
		</mvc:interceptor>
	</mvc:interceptors>
</beans>